Diet_program_code;Start_date;End_date
D_001;10022021;10042021
D_002;30112021;
D_003;2012021;2032021
D_004;12032021;12062021
D_005;10022021;10042021
D_006;12032021;12062021
D_007;2012021;2032021
D_008;10022021;10042021
D_009;30112021;
D_010;12032021;12062021
D_011;2012021;2032021
D_012;12032021;12062021
D_013;2012021;2032021
D_014;30112021;
D_015;20052021;20112021
D_016;20052021;20112021
D_017;10022021;10042021
D_018;20052021;20112021
D_019;30112021;
D_020;20052021;20112021
D_021;20052021;20112021
D_022;2012021;2032021
D_023;30112021;
D_024;30112021;
D_025;30112021;
D_026;30112021;
D_027;2012021;2032021
D_028;12032021;12062021
D_029;2012021;2032021
D_030;2012021;2032021
D_031;2012021;2032021
D_032;30112021;
D_033;2012021;2032021
D_034;2012021;2032021
D_035;30112021;
D_036;20052021;20112021
D_037;10022021;10042021
D_038;10022021;10042021
D_039;20052021;20112021
D_040;30112021;
D_041;2012021;2032021
D_042;2012021;2032021
D_043;2012021;2032021
D_044;2012021;2032021
D_045;30112021;
D_046;10022021;10042021
D_047;20052021;20112021
D_048;2012021;2032021
D_049;12032021;12062021
D_050;10022021;10042021
D_051;2012021;2032021
D_052;30112021;
D_053;12032021;12062021
D_054;2012021;2032021
D_055;2012021;2032021
D_056;12032021;12062021
D_057;2012021;2032021
D_058;2012021;2032021
D_059;10022021;10042021
D_060;2012021;2032021
D_061;30112021;
D_062;12032021;12062021
D_063;10022021;10042021
D_064;20052021;20112021
D_065;2012021;2032021
D_066;2012021;2032021
D_067;30112021;
D_068;20052021;20112021
D_069;30112021;
D_070;20052021;20112021
D_071;30112021;
D_072;2012021;2032021
D_073;2012021;2032021
D_074;12032021;12062021
D_075;20052021;20112021
D_076;2012021;2032021
D_077;2012021;2032021
D_078;12032021;12062021
D_079;10022021;10042021
D_080;10022021;10042021
D_081;2012021;2032021
D_082;20052021;20112021
D_083;2012021;2032021
D_084;2012021;2032021
D_085;2012021;2032021
D_086;12032021;12062021
D_087;2012021;2032021
D_088;20052021;20112021
D_089;20052021;20112021
D_090;20052021;20112021
D_091;30112021;
D_092;2012021;2032021
D_093;12032021;12062021
D_094;30112021;
D_095;12032021;12062021
D_096;2012021;2032021
D_097;10022021;10042021
D_098;20052021;20112021
D_099;10022021;10042021
D_100;2012021;2032021
D_101;10022021;10042021
D_102;30112021;
D_103;12032021;12062021
D_104;2012021;2032021
D_105;2012021;2032021
D_106;12032021;12062021
D_107;30112021;
D_108;20052021;20112021
D_109;2012021;2032021
D_110;10022021;10042021
D_111;30112021;
D_112;30112021;
D_113;10022021;10042021
D_114;10022021;10042021
D_115;30112021;
D_116;30112021;
D_117;2012021;2032021
D_118;30112021;
D_119;2012021;2032021
D_120;30112021;
D_121;10022021;10042021
D_122;2012021;2032021
D_123;2012021;2032021
D_124;10022021;10042021
D_125;12032021;12062021
D_126;20052021;20112021
D_127;10022021;10042021
D_128;30112021;
D_129;10022021;10042021
D_130;30112021;
D_131;2012021;2032021
D_132;2012021;2032021
D_133;30112021;
D_134;30112021;
D_135;30112021;
D_136;2012021;2032021
D_137;30112021;
D_138;10022021;10042021
D_139;10022021;10042021
D_140;2012021;2032021
D_141;2012021;2032021
D_142;2012021;2032021
D_143;20052021;20112021
D_144;2012021;2032021
D_145;10022021;10042021
D_146;30112021;
D_147;2012021;2032021
D_148;10022021;10042021
D_149;2012021;2032021
D_150;12032021;12062021
D_151;10022021;10042021
D_152;2012021;2032021
D_153;12032021;12062021
D_154;10022021;10042021
D_155;30112021;
D_156;12032021;12062021
D_157;20052021;20112021
D_158;12032021;12062021
D_159;2012021;2032021
D_160;10022021;10042021
D_161;30112021;
D_162;12032021;12062021
D_163;2012021;2032021
D_164;10022021;10042021
D_165;12032021;12062021
D_166;30112021;
D_167;30112021;
D_168;30112021;
D_169;20052021;20112021
D_170;2012021;2032021
D_171;2012021;2032021
D_172;10022021;10042021
D_173;30112021;
D_174;2012021;2032021
D_175;30112021;
D_176;30112021;
D_177;10022021;10042021
D_178;30112021;
D_179;2012021;2032021
D_180;2012021;2032021
D_181;30112021;
D_182;30112021;
D_183;20052021;20112021
D_184;30112021;
D_185;2012021;2032021
D_186;2012021;2032021
D_187;12032021;12062021
D_188;20052021;20112021
D_189;30112021;
D_190;12032021;12062021
D_191;12032021;12062021
D_192;20052021;20112021
D_193;30112021;
D_194;10022021;10042021
D_195;12032021;12062021
D_196;2012021;2032021
D_197;10022021;10042021
D_198;2012021;2032021
D_199;2012021;2032021
D_200;2012021;2032021
D_201;2012021;2032021
D_202;12032021;12062021
D_203;2012021;2032021
D_204;12032021;12062021
D_205;30112021;
D_206;20052021;20112021
D_207;10022021;10042021
D_208;12032021;12062021
D_209;30112021;
D_210;12032021;12062021
D_211;20052021;20112021
D_212;10022021;10042021
D_213;20052021;20112021
D_214;2012021;2032021
D_215;30112021;
D_216;10022021;10042021
D_217;2012021;2032021
D_218;2012021;2032021
D_219;30112021;
D_220;2012021;2032021
D_221;2012021;2032021
D_222;2012021;2032021
D_223;2012021;2032021
D_224;2012021;2032021
D_225;12032021;12062021
D_226;2012021;2032021
D_227;2012021;2032021
